{"branches": 23.076923076923077, "coverage": 35.947712418300654}