{"branches": 42.857142857142854, "coverage": 56.395348837209305}