{"branches": 86.53846153846155, "coverage": 95.88815789473685}